area_sqft,bedrooms,bathrooms,swimming_pool,parking_space,furnished,furniture_available,locality_score,access_main_road,shopping_complex,local_market,previous_price,price,future_trend
16295,7,1,0,5,0,1,5,1,0,1,1477839,1529763,Up
1360,4,4,0,1,0,1,10,0,0,0,473396,608411,Up
55386,1,1,0,0,0,1,7,0,0,0,3007198,3111531,Up
6765,5,5,1,5,1,1,10,0,1,1,1139948,1274406,Up
37694,9,4,0,4,0,0,4,0,0,1,2508248,2642444,Up
44631,8,3,0,1,1,1,9,0,0,0,2848222,2944321,Up
60763,9,5,0,4,0,1,10,1,0,0,3860614,3967960,Up
16523,9,4,1,5,1,0,2,0,1,0,1580722,1706203,Up
41590,7,3,1,5,0,1,9,0,1,0,2851514,2951576,Up
67721,4,1,0,1,0,1,9,0,1,0,3802789,3853095,Up
65320,5,4,0,4,1,1,5,1,0,0,3830128,3968623,Up
1269,1,3,1,2,0,1,1,1,0,0,378397,498164,Up
60235,1,1,1,4,1,0,7,1,0,1,3503929,3566136,Up
63455,3,5,1,5,0,1,10,0,1,0,3826886,3916312,Up
65425,8,5,1,4,0,0,10,0,1,1,4179962,4236298,Up
68469,2,5,1,0,1,1,4,0,0,1,3936579,4061745,Up
5811,4,5,1,2,1,1,9,0,0,0,950320,1017576,Up
54207,2,2,1,3,1,1,6,0,1,0,3147494,3296939,Up
29193,5,4,1,0,0,0,3,1,0,1,2037107,2136924,Up
72432,9,4,0,3,1,1,6,0,0,0,4324725,4408444,Up
26158,1,2,0,1,0,1,10,1,0,0,1629330,1721347,Up
18931,5,3,0,3,1,0,6,0,1,1,1541261,1636965,Up
3247,9,3,0,4,1,0,5,1,0,1,929839,1009852,Up
59650,1,5,0,3,1,0,2,1,0,1,3380777,3510768,Up
66225,9,1,0,5,1,0,10,1,0,0,4025700,4145958,Up
36273,8,3,1,0,1,1,10,1,0,0,2579227,2707575,Up
67935,4,1,1,0,1,1,2,0,1,1,3831763,3977575,Up
57386,5,4,0,3,0,1,7,0,1,0,3434098,3520874,Up
67303,5,1,0,0,1,1,2,0,1,1,3840638,3900698,Up
32051,6,4,1,5,0,0,6,1,0,0,2232770,2361362,Up
11894,7,2,1,0,1,1,5,0,1,1,1298354,1355009,Up
69592,8,2,1,3,1,1,4,0,0,0,4135720,4273830,Up
4390,8,5,0,2,1,1,7,0,1,1,966205,1066128,Up
42106,2,3,1,2,0,1,8,0,0,0,2527318,2655881,Up
11127,9,5,0,1,0,0,4,1,1,0,1263948,1317978,Up
9292,7,4,0,0,1,1,1,1,1,1,1058449,1198228,Up
74469,4,5,1,3,0,1,1,0,1,0,4265266,4348555,Up
43501,4,1,1,0,1,1,1,0,0,0,2620141,2689880,Up
24397,8,4,0,4,1,0,1,0,0,1,1799303,1949007,Up
68648,4,2,1,5,0,0,5,1,0,0,3938155,4049842,Up
23983,6,3,1,0,0,1,4,1,1,0,1844894,1931385,Up
49055,5,4,0,0,0,1,9,1,0,0,2884548,3030097,Up
17659,3,4,1,2,0,1,3,0,0,1,1385857,1507972,Up
36420,2,1,0,5,1,0,7,1,0,1,2214872,2348650,Up
67621,9,3,0,3,0,1,8,1,0,1,4118379,4173160,Up
69979,9,2,1,0,0,1,6,1,0,1,4245672,4316120,Up
19957,1,4,0,2,1,1,10,1,0,1,1446223,1547773,Up
67057,3,4,0,1,0,0,1,1,1,0,3705357,3804651,Up
53495,8,1,1,5,0,1,8,0,1,0,3451075,3522521,Up
41257,6,5,1,2,0,1,10,0,0,1,2802418,2928997,Up
10192,5,2,1,2,0,0,3,0,1,0,952346,1087735,Up
46258,5,3,0,2,1,0,8,0,1,0,2781484,2917099,Up
72909,6,4,0,0,1,1,4,1,0,0,4177415,4244516,Up
71711,7,4,1,0,0,0,8,0,0,0,4191508,4307686,Up
66197,1,2,0,1,0,1,1,0,1,1,3599124,3677140,Up
37565,9,5,1,4,1,0,3,0,0,1,2705893,2774825,Up
33106,3,4,1,4,0,0,6,1,1,0,2285443,2380096,Up
12034,4,2,0,4,0,1,9,0,1,0,1057952,1198433,Up
40897,1,1,1,5,0,1,2,1,1,1,2439039,2541841,Up
1516,3,5,0,5,0,1,1,1,0,0,545804,603353,Up
56091,2,3,0,1,0,0,10,1,1,0,3230327,3359260,Up
23747,2,4,1,5,0,1,3,0,0,0,1724481,1799843,Up
24800,1,2,0,4,0,1,4,1,0,1,1527792,1625634,Up
74565,8,1,1,4,0,1,5,0,0,1,4437128,4533667,Up
9768,3,3,0,2,0,1,3,0,0,0,792454,876171,Up
12685,3,2,0,5,1,1,10,0,0,0,1107952,1212548,Up
64204,6,2,0,0,1,0,2,1,1,0,3722060,3795076,Up
39599,8,3,1,0,1,1,2,1,0,0,2683642,2788842,Up
9071,9,1,0,2,0,1,7,0,0,0,974281,1104549,Up
38544,9,1,1,2,0,0,9,1,0,0,2643800,2754087,Up
51714,4,5,0,2,1,1,10,1,0,1,3197901,3340348,Up
61728,5,4,0,0,0,1,2,1,0,1,3510666,3644068,Up
49484,2,3,1,4,1,1,7,0,1,0,3070967,3163574,Up
41274,9,3,1,2,0,1,7,1,0,1,2893588,2971209,Up
3068,8,3,1,1,1,1,7,1,0,0,971360,1034183,Up
63092,3,1,1,2,1,0,3,0,1,0,3589054,3669040,Up
68063,9,4,1,3,1,0,7,1,0,1,4230480,4344805,Up
3195,3,5,0,2,0,0,1,0,1,1,530018,637789,Up
48690,9,2,0,0,1,1,10,1,1,0,3159782,3264755,Up
5758,2,2,1,5,0,0,1,1,1,0,775429,840119,Up
40004,9,3,0,2,0,1,5,1,1,1,2711082,2800189,Up
33659,8,4,0,5,0,1,2,1,0,1,2301306,2409194,Up
14486,9,1,0,3,0,1,9,1,0,0,1462938,1523894,Up
62358,5,4,1,1,0,0,7,1,1,0,3709656,3846495,Up
13166,2,4,0,5,0,0,4,0,1,0,1036624,1142851,Up
39160,8,1,0,4,0,0,4,1,0,1,2539697,2626230,Up
4061,6,3,0,2,1,1,2,1,1,0,691211,836421,Up
27354,8,4,1,3,1,0,5,1,1,1,2205824,2312058,Up
65005,5,2,0,3,1,1,4,0,1,0,3706534,3824128,Up
52751,2,1,0,5,0,0,1,0,0,1,2866806,2973707,Up
23162,6,5,1,1,0,0,8,0,1,1,1842495,1904014,Up
8892,5,3,1,0,0,1,3,1,0,1,1027185,1108300,Up
31035,5,1,0,2,0,1,6,1,0,1,1967664,2083930,Up
52756,1,5,0,3,1,0,4,0,0,0,2999656,3051488,Up
35722,2,5,1,1,0,0,9,0,1,1,2369951,2461319,Up
63835,8,4,1,4,1,0,7,0,1,1,4016941,4155366,Up
11465,3,4,1,3,0,1,9,1,0,1,1230024,1349739,Up
25038,3,4,1,1,1,1,10,0,0,0,1779981,1901816,Up
71092,8,1,1,0,0,0,3,1,0,0,4072597,4195963,Up
8610,8,1,1,0,1,0,1,1,1,0,1078143,1165713,Up
27766,2,3,1,3,0,1,5,1,1,0,1837683,1975660,Up
53492,8,4,0,3,1,0,3,0,0,0,3300790,3357405,Up
7410,1,5,1,5,0,1,6,1,0,0,861655,983953,Up
706,6,2,1,2,1,1,8,0,1,1,719692,808003,Up
23919,8,3,0,1,1,1,4,0,0,1,1759726,1899971,Up
51136,3,1,1,3,0,1,5,0,1,1,3082542,3155976,Up
50515,8,3,1,2,1,1,5,0,1,0,3273670,3410549,Up
54768,1,3,0,5,0,1,4,1,0,1,3206046,3271785,Up
18641,9,3,1,2,0,0,4,1,0,1,1662462,1778664,Up
72410,9,3,0,3,0,1,4,1,1,0,4285839,4434419,Up
56544,5,2,0,0,1,1,4,1,1,1,3314853,3458272,Up
67714,4,4,0,1,1,0,4,0,1,0,3758511,3888110,Up
34327,6,5,0,1,0,1,5,0,1,1,2339163,2422812,Up
56320,7,3,1,0,0,0,2,0,1,0,3351823,3449268,Up
63123,5,3,0,3,1,1,2,0,0,0,3610928,3700398,Up
22799,9,3,0,1,1,0,9,1,1,0,1826144,1951109,Up
44085,3,4,1,3,1,0,2,0,1,1,2737668,2836289,Up
64544,7,1,0,5,0,1,6,1,1,1,3872074,3955000,Up
43057,5,1,0,3,0,1,2,0,0,0,2505614,2593611,Up
49580,7,2,0,2,0,1,5,0,0,0,2998686,3108626,Up
3193,2,1,0,0,0,1,4,0,1,1,465029,555753,Up
69663,4,3,1,3,0,0,7,0,1,1,4004008,4151813,Up
26439,2,3,0,5,1,0,7,1,0,0,1836149,1917853,Up
49425,7,3,1,4,0,0,6,1,0,1,3188271,3266662,Up
43441,2,2,1,0,1,1,10,1,0,1,2679126,2792417,Up
22334,1,3,0,1,1,0,5,1,0,1,1372790,1512513,Up
18547,9,1,0,2,0,1,1,0,1,0,1494718,1547244,Up
26605,1,4,0,1,1,1,3,0,0,0,1662008,1736694,Up
16207,8,4,0,5,0,0,9,1,1,1,1546280,1669619,Up
22476,2,5,1,5,1,1,1,1,1,0,1687344,1835548,Up
44762,8,1,1,1,0,0,5,0,0,1,2842716,2899290,Up
24276,3,3,1,0,0,1,2,0,0,1,1640385,1699118,Up
30580,6,4,0,1,1,0,4,1,0,0,2045728,2146018,Up
67342,3,1,1,3,0,1,1,1,0,0,3729066,3851859,Up
61873,7,4,0,1,1,0,3,1,1,0,3664097,3750148,Up
7276,9,3,0,2,0,0,10,0,1,1,1073880,1139789,Up
55516,2,4,0,2,0,1,7,1,1,1,3186686,3326368,Up
9974,5,5,0,4,0,1,10,1,0,0,1137939,1265277,Up
58553,6,5,0,2,1,0,3,1,1,0,3484317,3607749,Up
22459,4,4,1,1,1,1,4,1,0,0,1764717,1842850,Up
6030,4,1,1,2,0,1,2,1,1,1,780568,882139,Up
4248,4,1,0,0,1,1,3,0,0,1,496820,625882,Up
14045,2,1,1,2,0,0,9,1,1,1,1205554,1306462,Up
66699,4,4,0,3,1,0,3,0,1,0,3848933,3910211,Up
35266,1,1,0,0,1,1,5,1,0,0,2064159,2165617,Up
74030,6,3,0,4,0,1,2,1,1,1,4237283,4351548,Up
61587,1,5,1,3,0,0,4,1,1,0,3510633,3617415,Up
69340,6,3,0,1,0,1,7,0,0,0,3898621,4004036,Up
54884,1,1,0,1,0,0,7,0,0,0,2883927,3025014,Up
51505,6,3,1,1,0,1,3,0,0,0,3105784,3209944,Up
47076,8,1,1,3,1,1,5,1,0,1,3046325,3150724,Up
39853,2,4,1,3,1,1,1,1,0,0,2522556,2597854,Up
62503,2,3,0,3,0,0,10,0,1,1,3575803,3647994,Up
53233,4,4,0,0,0,0,10,0,0,1,3141629,3248593,Up
65818,3,4,1,5,0,0,10,1,1,0,3944326,4027418,Up
24164,4,2,0,0,1,0,1,0,1,1,1480852,1620259,Up
67672,7,1,1,1,0,1,5,1,0,1,3931395,4056652,Up
27236,1,5,1,5,0,1,10,0,1,0,1974090,2086603,Up
1354,6,1,0,2,1,0,9,0,1,1,643127,744224,Up
39123,3,5,0,1,1,1,1,0,0,1,2429381,2509660,Up
7892,7,1,1,4,1,1,1,1,1,1,1154768,1219172,Up
56180,2,4,1,0,1,0,4,1,0,1,3222658,3342680,Up
47217,2,3,1,3,0,1,4,0,0,1,2837673,2922871,Up
51359,4,3,1,0,1,1,2,1,0,1,3078976,3223199,Up
26809,1,2,0,3,1,0,9,1,1,1,1755496,1855493,Up
64234,3,5,1,5,0,1,9,1,1,1,3870427,3999119,Up
70967,9,5,1,4,0,1,2,1,1,0,4429675,4480242,Up
53162,7,5,1,5,0,1,9,0,1,0,3444208,3555240,Up
13188,7,4,0,4,1,0,6,1,0,0,1360705,1412884,Up
25842,4,5,0,0,0,0,8,1,1,1,1883950,1935969,Up
37657,2,3,1,3,1,1,10,0,0,1,2431605,2563060,Up
68363,4,4,0,5,1,1,4,1,1,1,4010511,4145750,Up
52583,6,1,0,4,1,1,2,1,1,0,3223943,3292647,Up
66233,3,5,0,1,0,0,2,1,1,0,3695107,3763137,Up
35198,1,5,1,1,1,0,9,0,1,0,2281147,2400592,Up
23171,8,1,1,5,0,0,1,0,1,1,1772111,1895662,Up
25684,5,5,0,3,0,1,7,1,0,0,1896890,1950310,Up
42607,5,1,1,5,0,1,3,1,1,0,2666835,2776710,Up
52163,4,4,1,0,1,1,3,0,1,1,3174907,3272560,Up
16208,6,3,0,4,1,1,2,0,1,0,1439078,1505818,Up
50311,3,1,0,0,1,1,10,0,1,1,2973325,3088588,Up
3311,9,2,1,1,0,0,6,1,0,0,812853,958717,Up
56750,5,1,0,4,1,1,10,1,1,1,3415958,3530517,Up
72582,3,5,1,5,1,1,2,0,0,1,4300896,4370361,Up
35254,1,4,1,0,1,1,10,1,1,1,2361392,2462824,Up
11911,6,4,0,2,1,0,4,1,0,1,1256717,1310848,Up
3411,2,1,1,3,1,1,10,1,0,1,775847,836499,Up
67770,3,3,1,3,0,0,9,1,0,0,3926795,4041768,Up
9180,1,2,0,2,0,0,9,1,0,1,778277,915320,Up
71795,9,4,0,1,0,0,6,1,0,1,4291159,4388306,Up
11611,8,5,0,4,0,0,4,1,1,1,1324180,1421851,Up
38004,2,5,1,3,1,0,7,0,0,1,2411985,2551327,Up
2302,8,3,0,2,0,1,1,0,1,0,629125,698296,Up
8655,9,4,0,5,1,1,4,0,0,1,1166709,1302838,Up
74156,1,1,0,2,0,0,5,0,0,0,3878408,3984100,Up
39884,5,5,0,1,0,0,8,0,1,1,2535373,2643914,Up
47754,8,3,1,1,0,0,2,0,0,1,2995151,3054621,Up
22418,2,4,1,0,1,1,5,0,0,0,1519302,1630646,Up
61213,4,4,0,3,1,1,6,0,0,0,3594877,3689185,Up
30806,7,4,1,0,0,0,5,0,0,0,2130011,2230650,Up
17146,3,4,0,2,1,1,9,1,1,1,1481319,1552645,Up
47343,5,4,0,4,0,1,10,1,0,0,3031773,3086370,Up
16871,8,5,1,4,0,0,1,0,0,1,1583893,1664681,Up
2549,3,3,1,1,0,0,3,1,1,0,534493,649513,Up
32116,4,4,0,4,1,1,2,1,1,0,2173059,2272536,Up
21432,9,2,0,4,0,1,3,0,0,1,1727442,1810513,Up
30355,7,2,1,4,0,1,10,0,0,0,2226093,2346696,Up
61934,1,3,0,2,0,0,9,0,1,0,3420748,3532671,Up
73194,4,1,1,4,1,0,9,1,0,1,4212738,4333298,Up
43516,4,1,0,5,0,0,10,1,1,1,2653113,2776364,Up
7900,9,1,0,4,1,1,2,0,0,1,1038942,1146434,Up
43142,6,2,1,4,0,1,3,1,1,0,2805055,2886825,Up
15651,9,1,1,0,1,0,4,1,1,0,1466922,1593684,Up
51907,6,5,1,2,0,1,9,1,1,0,3389891,3475290,Up
67190,6,4,1,1,0,0,3,0,0,0,3867637,3996585,Up
4999,5,2,1,0,1,1,7,1,0,0,795373,902812,Up
6795,5,3,1,3,1,0,3,1,0,1,915600,1010015,Up
59540,2,3,1,2,0,1,7,1,0,0,3459136,3521705,Up
12683,8,4,0,5,1,1,7,1,1,1,1512060,1564429,Up
29799,8,2,0,2,0,0,9,1,1,0,2084864,2232421,Up
13374,1,1,0,3,0,0,2,1,1,1,1019252,1069780,Up
33211,8,1,1,3,0,0,6,1,0,0,2350070,2430384,Up
6039,5,5,1,3,1,0,9,0,0,0,1041882,1109929,Up
53851,2,5,1,1,0,0,2,0,0,1,3133630,3203378,Up
61767,2,1,0,4,1,1,2,1,1,0,3526447,3611556,Up
48854,6,3,1,2,0,0,5,0,0,1,3044885,3108804,Up
3057,9,3,1,4,1,0,10,1,0,0,1016286,1113784,Up
38860,1,5,0,4,1,0,10,1,1,0,2438242,2544050,Up
2700,6,4,1,5,0,0,10,1,1,1,908160,1038952,Up
68997,9,1,0,3,1,0,8,0,0,0,4085979,4206420,Up
47475,8,5,0,1,0,1,9,1,1,1,3062814,3187234,Up
21857,6,5,1,5,0,0,2,1,0,0,1786592,1865498,Up
3369,3,1,1,0,0,0,5,0,1,0,516909,638395,Up
61635,8,1,1,1,0,0,7,0,1,0,3678532,3795428,Up
50608,9,3,0,4,0,1,6,1,1,0,3264777,3336723,Up
38967,1,4,0,1,1,1,6,0,0,0,2337662,2434682,Up
23828,9,4,0,3,0,0,7,0,0,0,1856739,1981005,Up
4487,6,1,1,0,1,0,3,1,0,0,794552,866713,Up
59371,6,2,1,3,1,1,3,1,1,1,3661173,3738911,Up
22899,4,5,1,0,0,1,10,1,1,0,1816340,1870265,Up
46714,1,5,1,5,1,1,9,0,1,0,3015205,3073668,Up
70771,8,1,0,4,0,0,8,0,1,0,4092916,4200069,Up
44564,2,2,0,0,1,0,5,0,0,1,2444359,2577307,Up
70591,1,3,0,0,1,1,6,1,0,1,3889322,4000331,Up
41318,2,1,0,0,1,0,10,0,0,0,2291831,2429769,Up
46025,1,1,1,1,0,1,1,0,1,0,2552687,2702233,Up
20330,1,5,1,5,1,1,10,1,1,0,1647617,1788870,Up
17929,9,1,1,1,0,1,1,1,0,1,1537593,1629145,Up
7393,1,1,0,4,1,0,4,1,1,0,708801,815072,Up
47833,4,1,0,0,1,1,2,0,0,1,2714824,2774621,Up
3936,6,5,1,5,1,1,7,1,1,0,1057475,1193605,Up
74790,7,3,1,5,1,0,2,0,1,1,4403209,4525151,Up
6395,2,3,0,2,0,1,10,0,0,1,777759,841724,Up
20238,6,1,1,4,0,0,2,1,0,0,1541613,1605346,Up
31246,7,5,0,5,1,1,5,1,1,0,2307185,2410408,Up
49877,2,3,0,0,1,0,4,1,0,0,2862103,2939029,Up
48904,2,3,0,0,0,1,8,1,0,0,2780240,2859023,Up
54545,7,3,1,5,0,1,4,1,1,0,3392344,3525704,Up
40290,1,5,1,1,0,1,6,0,1,0,2447038,2533432,Up
6100,8,5,0,4,0,1,5,0,1,0,940424,1055220,Up
41264,3,1,1,0,1,1,2,0,0,1,2494003,2572290,Up
46214,6,4,0,5,1,0,8,1,1,0,3001561,3133665,Up
57335,9,3,0,0,0,0,2,0,1,0,3379522,3459958,Up
74244,6,4,0,5,0,1,9,1,1,1,4423264,4560180,Up
56991,9,5,0,4,0,1,9,1,1,0,3599728,3740060,Up
19089,7,5,1,5,0,1,3,0,1,0,1664928,1788495,Up
43984,9,5,0,2,0,0,4,0,0,0,2732254,2869737,Up
36712,2,4,0,5,0,0,8,1,1,0,2400095,2453283,Up
44025,8,5,1,5,1,1,9,0,1,1,3124179,3265384,Up
47702,8,1,0,4,1,0,3,1,0,1,2950005,3097354,Up
33135,2,5,0,5,1,1,5,0,1,0,2183767,2240532,Up
63708,4,2,1,4,0,1,8,0,1,0,3784361,3885987,Up
34328,7,4,1,2,0,1,3,0,0,1,2349931,2488638,Up
19211,4,2,1,4,0,0,7,0,1,0,1565463,1626270,Up
3920,4,5,0,0,1,1,8,0,0,1,798800,859004,Up
801,6,1,1,4,0,1,10,1,1,1,699520,842122,Up
45736,6,3,1,2,0,1,3,0,0,1,2879871,2987815,Up
66735,3,5,0,3,1,0,2,0,0,0,3798633,3890753,Up
54740,9,1,0,5,0,0,10,0,1,0,3478280,3550938,Up
66226,2,4,0,4,1,0,7,1,0,0,3821965,3909046,Up
10992,6,2,0,5,1,1,9,1,0,1,1240316,1325302,Up
6602,7,2,0,1,0,0,1,1,1,0,706835,836157,Up
50836,9,2,1,0,1,1,3,1,1,0,3197897,3342716,Up
27141,3,4,1,0,0,0,5,1,0,1,1814014,1914318,Up
35084,3,1,1,1,1,1,3,0,1,0,2162586,2278178,Up
33245,7,4,0,1,0,0,1,0,0,0,2061961,2170509,Up
23593,4,2,0,4,1,1,7,0,0,0,1619786,1768233,Up
66605,8,5,0,1,0,0,7,1,1,1,4064664,4154650,Up
52385,7,3,1,3,1,0,10,1,1,0,3384448,3508543,Up
37131,5,4,1,5,1,0,8,0,0,1,2486999,2628593,Up
73491,7,4,0,5,1,1,5,1,1,1,4391699,4529980,Up
4514,3,1,1,2,0,0,10,1,1,1,738442,854593,Up
11593,2,1,0,1,0,0,5,1,0,0,791694,915292,Up
18570,6,4,1,1,1,0,5,0,0,0,1583351,1661565,Up
36277,2,2,1,3,0,0,1,0,0,0,2120973,2209718,Up
57458,3,3,1,0,1,1,10,1,0,1,3461661,3554209,Up
11229,6,1,0,0,0,0,5,1,0,1,984053,1044734,Up
45517,5,2,1,5,1,1,6,1,0,0,3007866,3064850,Up
66820,8,5,1,5,0,1,1,1,1,1,4212600,4290179,Up
28251,9,1,0,4,1,1,7,0,0,0,2038847,2179657,Up
55248,3,2,1,3,1,1,1,1,1,0,3282516,3387449,Up
6301,3,2,0,2,1,0,2,0,1,0,651916,729315,Up
19690,3,3,0,2,1,1,2,0,0,0,1394509,1475990,Up
50189,6,3,0,3,0,1,5,0,1,0,3062386,3113330,Up
51493,1,5,0,2,1,1,10,1,0,0,3065236,3209229,Up
30092,7,2,0,0,0,1,7,0,1,0,2005741,2064855,Up
11147,1,2,1,2,0,0,1,0,0,1,799006,888852,Up
9216,5,3,0,2,1,0,10,1,0,0,1017326,1150992,Up
70816,8,1,0,3,0,1,1,1,0,1,4048376,4176224,Up
2868,4,1,0,3,0,1,1,1,0,1,546642,629238,Up
7155,5,4,0,2,0,1,6,0,1,0,868429,993716,Up
70531,4,3,1,1,1,0,2,1,1,1,4111009,4167916,Up
56266,4,4,0,3,0,0,1,0,1,1,3227611,3305725,Up
13903,8,3,1,4,0,0,6,0,1,1,1462469,1537478,Up
32597,2,5,0,4,1,0,2,1,1,0,2077400,2212246,Up
11466,1,2,1,0,1,0,6,0,0,0,934753,1034994,Up
53421,3,5,0,2,0,1,10,0,0,0,3131131,3216856,Up
50226,9,3,0,1,1,0,8,0,0,0,3218578,3287574,Up
50800,4,2,1,0,0,0,2,0,0,0,2901059,2957106,Up
23177,5,1,0,2,0,1,9,1,0,1,1686814,1765581,Up
56109,2,1,1,3,0,0,8,0,1,1,3314113,3380460,Up
57161,4,4,0,4,1,0,10,1,0,0,3516481,3590583,Up
31524,2,3,1,5,0,0,1,0,0,1,2014536,2068799,Up
70813,2,3,0,1,1,1,7,0,1,1,3979538,4096976,Up
53506,4,1,0,5,1,0,10,1,1,1,3244647,3391006,Up
15838,6,5,1,4,0,1,6,0,0,1,1485364,1565904,Up
68527,7,2,0,5,1,1,6,0,0,0,4011988,4137714,Up
20008,3,5,0,3,1,0,6,0,1,0,1467423,1581192,Up
3551,3,5,0,2,1,0,6,0,0,0,682459,773302,Up
49247,6,1,0,3,1,0,10,0,0,1,3054572,3132262,Up
54521,3,1,0,5,1,0,7,0,0,1,3207701,3260695,Up
66912,2,1,0,3,0,1,3,1,1,0,3605286,3722832,Up
58835,8,4,1,4,1,0,6,1,0,0,3812583,3869960,Up
56679,5,5,1,1,0,1,3,1,0,1,3420144,3548716,Up
32593,1,3,1,3,0,1,7,0,1,0,2144771,2221238,Up
70178,3,2,0,4,0,1,7,0,1,0,3987394,4037442,Up
40234,8,4,1,1,0,1,8,0,1,1,2750635,2837613,Up
73115,4,3,0,2,0,1,2,1,0,1,4116593,4214199,Up
74023,7,5,0,5,0,0,9,0,1,0,4330143,4461717,Up
17519,2,1,0,2,1,1,5,1,0,1,1186217,1334329,Up
74347,7,5,0,0,1,1,9,0,1,0,4398904,4522318,Up
28751,5,2,1,4,1,0,10,0,0,1,2009724,2152869,Up
26445,5,4,0,1,0,0,5,0,1,1,1838033,1937255,Up
32717,6,4,1,3,1,1,7,1,0,0,2424761,2522876,Up
8808,9,2,0,2,1,1,9,0,0,1,1136914,1276520,Up
6449,6,3,1,1,1,0,4,1,1,0,921594,1012241,Up
52490,8,3,1,4,0,1,2,0,1,1,3377165,3481772,Up
1650,7,4,1,0,1,0,9,0,0,0,710419,817829,Up
67117,9,4,1,2,0,0,2,1,1,1,4158241,4230237,Up
17396,4,1,1,5,1,1,3,0,0,1,1415911,1520832,Up
46675,2,3,1,1,0,0,10,0,1,0,2769131,2902828,Up
8305,7,2,0,5,0,1,2,0,1,1,1017890,1113912,Up
5737,6,3,1,1,0,1,3,0,0,0,793002,883150,Up
20556,1,1,0,1,1,1,6,1,1,1,1395736,1513500,Up
46043,9,4,1,4,1,0,3,1,1,1,3116194,3258095,Up
57056,9,4,0,4,0,1,10,0,0,0,3557685,3698409,Up
3843,2,1,1,4,1,0,8,0,0,1,728824,787712,Up
14000,3,2,1,3,0,1,6,1,1,1,1261379,1400045,Up
53722,5,4,0,1,0,1,7,0,0,0,3183842,3273001,Up
29875,5,5,1,2,1,0,1,1,1,1,2112256,2204453,Up
10162,1,4,1,5,1,1,3,0,1,0,1036419,1170745,Up
17464,8,5,1,4,1,1,3,1,0,0,1660955,1801315,Up
60138,8,1,0,4,0,0,2,1,0,0,3496049,3644990,Up
74166,4,1,1,5,0,0,7,1,0,1,4271502,4345976,Up
67715,7,4,0,5,1,0,9,1,0,1,4180127,4247460,Up
69542,3,3,1,1,0,1,4,0,0,0,3920822,4007177,Up
13784,6,5,1,4,1,0,5,0,0,1,1399125,1548540,Up
73289,9,2,0,5,0,0,3,1,1,0,4275987,4399890,Up
61889,1,4,1,3,1,1,9,1,1,1,3700115,3816373,Up
9935,5,2,1,3,1,0,4,1,0,0,1065407,1146552,Up
54840,4,4,0,4,0,1,5,1,1,0,3296656,3422331,Up
44578,8,3,1,5,1,1,1,0,1,1,3006950,3106804,Up
51793,1,3,0,1,1,0,2,1,1,0,2887148,3004812,Up
60903,9,3,0,1,0,1,9,1,1,0,3734166,3870319,Up
29624,6,3,0,1,1,0,2,1,0,1,1950731,2094347,Up
44419,4,1,1,0,0,0,5,1,1,0,2647740,2733025,Up
35747,9,1,0,4,1,0,8,1,1,0,2566832,2634365,Up
63252,5,5,0,1,0,0,3,1,0,1,3684692,3767316,Up
57073,5,2,1,3,1,1,6,1,0,0,3445958,3542954,Up
59601,5,4,0,5,1,1,4,0,0,0,3552725,3649672,Up
27146,1,4,1,2,1,0,7,1,0,0,1878559,1956515,Up
23549,1,1,1,2,1,0,10,1,1,0,1691566,1792596,Up
68885,8,4,1,1,0,1,3,1,0,0,4134626,4243223,Up
40658,8,1,1,2,0,0,6,0,1,0,2617978,2710421,Up
65917,6,5,0,2,0,1,10,0,1,0,3866265,4014878,Up
23789,4,2,0,0,0,0,9,0,0,0,1518314,1633778,Up
10323,2,5,0,3,0,1,10,1,0,1,1074499,1128451,Up
60660,2,3,0,3,0,1,1,1,0,0,3329135,3436015,Up
42475,9,3,0,0,0,1,3,1,0,0,2723825,2826026,Up
10040,5,3,1,0,1,0,2,0,0,1,991385,1083845,Up
16864,4,5,0,2,1,0,8,1,0,0,1467222,1540018,Up
5111,1,4,0,4,1,0,7,0,1,0,730198,811944,Up
28163,7,2,0,5,1,0,2,0,1,0,1920524,2057309,Up
52491,3,3,1,5,0,0,6,0,1,0,3203249,3253264,Up
58179,6,3,1,2,0,1,3,0,1,0,3519915,3619672,Up
31477,5,3,0,5,0,1,8,0,0,0,2187614,2263571,Up
49615,5,2,1,0,1,1,10,1,0,1,3150939,3282480,Up
61390,5,3,0,3,0,1,3,1,1,1,3598438,3669730,Up
66887,1,2,0,5,1,1,10,0,1,1,3895028,3976904,Up
18571,1,3,1,2,0,1,9,1,1,1,1452085,1562812,Up
59775,3,5,1,4,0,1,1,1,0,1,3591905,3688951,Up
72869,4,5,0,2,0,0,5,0,0,0,4095355,4160172,Up
12438,5,2,0,1,0,1,3,0,0,0,932253,1073259,Up
35695,2,5,1,2,1,0,6,1,1,0,2422787,2482546,Up
4500,8,2,0,0,1,1,10,1,1,0,901727,1000159,Up
71088,2,5,1,3,0,1,2,1,0,0,4125040,4181452,Up
38804,9,5,0,3,1,0,9,1,0,1,2792652,2900409,Up
69949,2,2,1,5,0,1,6,0,1,1,4002185,4072689,Up
21264,9,4,0,0,0,0,7,1,1,0,1806644,1865151,Up
38994,7,5,0,1,0,1,5,0,0,0,2534536,2605586,Up
3873,8,3,1,0,0,0,9,0,1,0,896025,950845,Up
12661,2,4,0,2,1,1,1,1,0,1,1120074,1177909,Up
27850,7,2,0,0,0,0,5,1,0,1,1875632,2018799,Up
25851,6,4,1,0,0,0,10,1,1,0,1998637,2062224,Up
15805,4,1,0,1,1,1,6,0,1,1,1190623,1298355,Up
66453,7,1,0,2,0,1,7,0,1,0,3820468,3922389,Up
57958,4,5,0,4,1,0,4,0,0,1,3409370,3504869,Up
20858,2,5,1,4,0,1,1,0,1,1,1565557,1622397,Up
3767,7,3,1,3,0,0,8,1,1,0,850089,965166,Up
39013,8,4,1,5,0,1,10,0,0,1,2856229,2937669,Up
26592,2,1,0,0,0,0,4,0,0,1,1548671,1633854,Up
11838,5,5,0,3,0,1,3,1,1,0,1143423,1289595,Up
912,1,4,0,1,0,0,7,0,0,1,422596,474985,Up
8043,7,5,0,4,1,1,2,0,0,0,1054222,1159298,Up
33996,8,5,1,0,0,0,8,1,0,1,2422327,2538626,Up
61192,6,1,0,1,1,0,6,0,1,0,3498504,3637965,Up
44925,5,1,0,5,1,1,7,0,1,0,2788407,2930492,Up
39256,6,5,0,1,0,1,5,0,0,1,2513877,2602900,Up
19388,2,2,1,0,1,0,9,0,0,1,1459470,1559499,Up
36235,1,5,0,5,0,0,5,1,0,0,2181168,2271109,Up
47795,7,5,0,1,1,0,5,0,1,1,3031962,3170955,Up
18455,7,3,0,5,0,0,3,1,0,1,1461609,1565559,Up
38341,2,3,0,0,1,1,1,0,0,1,2184541,2321500,Up
71140,2,3,0,0,1,0,2,1,1,0,3844374,3970428,Up
66010,1,2,1,5,0,0,8,1,0,0,3790127,3905490,Up
35411,8,2,0,2,1,0,1,1,1,0,2341598,2453340,Up
59531,8,5,0,3,0,1,7,0,1,1,3693975,3841871,Up
7857,1,3,0,1,0,0,5,0,1,1,634728,729943,Up
32979,8,2,0,1,0,1,3,0,0,0,2120591,2218448,Up
61976,9,1,0,2,0,1,7,1,0,0,3689309,3794785,Up
45311,4,5,0,2,0,1,9,0,1,1,2844386,2922559,Up
36708,1,4,0,2,1,1,2,0,0,1,2243099,2302494,Up
20650,1,5,0,4,1,1,8,0,1,1,1520450,1630218,Up
71680,3,4,0,4,1,1,9,0,0,1,4075962,4210705,Up
43786,5,3,0,5,0,1,3,1,1,0,2770689,2866918,Up
68950,5,4,1,4,1,0,2,1,1,1,4163459,4240098,Up
21852,9,3,1,0,1,0,7,0,0,1,1837895,1950478,Up
55569,2,1,1,5,1,1,5,0,0,0,3226765,3305689,Up
14897,2,4,1,1,1,0,5,0,0,0,1163503,1286472,Up
42055,6,5,0,3,1,0,10,1,0,1,2834311,2914415,Up
47459,9,3,1,0,0,1,5,0,1,0,3057630,3145224,Up
1228,1,5,1,1,0,0,4,1,1,1,539155,592819,Up
51017,9,2,0,1,1,1,5,1,0,1,3215325,3275853,Up
66734,9,3,1,5,0,0,4,0,0,0,4049376,4127566,Up
40454,9,4,1,2,0,1,6,0,1,0,2753655,2869688,Up
47780,5,3,0,2,1,1,4,0,0,1,2878733,2989894,Up
17279,9,5,0,0,1,0,2,1,0,0,1511217,1634394,Up
64432,4,1,0,2,0,0,9,1,0,1,3587095,3707274,Up
73436,2,3,1,1,1,1,2,0,0,1,4096746,4217338,Up
24966,6,4,1,2,0,1,9,1,1,1,2073504,2156403,Up
37439,4,2,0,4,0,1,10,0,1,0,2382417,2503396,Up
70396,6,1,0,2,1,0,6,0,0,1,4006631,4073872,Up
35770,3,2,1,1,0,0,9,1,1,1,2311006,2407217,Up
59663,6,3,0,5,0,0,9,1,0,1,3637023,3750495,Up
52434,2,5,1,0,0,0,3,1,0,0,2989103,3113351,Up
65395,2,5,0,3,1,1,1,1,0,1,3690284,3814041,Up
32807,9,4,0,2,1,1,1,0,1,1,2347354,2428700,Up
54598,7,5,1,1,1,1,3,0,1,1,3465724,3596920,Up
61421,3,1,0,3,1,1,5,0,1,0,3398572,3525696,Up
5986,1,5,0,3,0,0,3,1,1,1,691793,784013,Up
8835,8,4,0,4,1,1,9,0,1,1,1286744,1354686,Up
11630,6,3,1,3,1,1,9,1,0,0,1321664,1420831,Up
61066,7,3,0,5,1,0,3,1,0,0,3644112,3730485,Up
67203,9,5,0,1,1,0,3,1,1,1,4102270,4219413,Up
27692,5,2,0,1,0,1,5,0,1,1,1926240,1978256,Up
1562,1,3,0,2,0,0,2,1,1,1,361097,480207,Up
22045,7,5,0,2,0,1,6,1,0,0,1752495,1848804,Up
22189,5,4,0,2,1,0,7,1,1,0,1709739,1767013,Up
11674,3,5,1,5,1,0,9,1,0,1,1358681,1424429,Up
9848,9,3,1,3,0,1,6,1,0,0,1257926,1328101,Up
24214,1,4,0,3,1,0,3,1,1,1,1682946,1744772,Up
38602,1,5,1,4,1,1,5,1,0,1,2485309,2618317,Up
74960,1,1,1,5,0,0,4,1,0,0,4128481,4212610,Up
7301,3,4,0,2,0,0,5,1,1,1,834463,954472,Up
72767,6,1,1,0,1,0,8,1,0,0,4244991,4318481,Up
48636,3,2,1,4,1,0,8,1,1,0,3024775,3116210,Up
24125,8,4,1,0,1,0,6,1,0,1,1975513,2100530,Up
73092,2,1,1,3,0,1,1,0,1,0,4054795,4113315,Up
44761,9,3,1,4,0,0,8,0,1,1,2994764,3136715,Up
2042,3,3,1,4,0,1,8,1,0,0,614951,748057,Up
22177,5,2,1,1,0,0,2,1,1,1,1605100,1716977,Up
47232,8,4,1,3,1,1,4,1,0,1,3210391,3280189,Up
50843,2,4,0,3,0,0,2,0,0,1,2848520,2953158,Up
39581,6,4,0,5,0,1,4,0,1,0,2556898,2675970,Up
63356,5,2,1,4,1,1,10,0,0,1,3828366,3945675,Up
19565,9,4,1,3,1,0,7,1,1,0,1819982,1899876,Up
55193,5,3,0,4,1,0,9,1,0,0,3382502,3495465,Up
27462,2,1,1,5,0,0,8,1,0,0,1852355,1956922,Up
28795,5,3,1,5,1,1,9,1,1,0,2256189,2341515,Up
14307,4,3,0,1,1,1,8,0,0,0,1202704,1307763,Up
42848,7,1,0,4,0,0,2,1,0,1,2655963,2711042,Up
26932,6,3,0,3,0,0,7,0,0,0,1854073,1929911,Up
58354,2,2,1,3,1,1,2,0,0,1,3297716,3435056,Up
40762,5,1,1,4,0,1,2,1,0,1,2529800,2626909,Up
37580,7,3,0,4,1,0,4,0,0,0,2397160,2532371,Up
1824,7,5,0,4,1,1,1,0,0,1,730481,806075,Up
36409,5,3,1,2,0,0,5,0,0,1,2317166,2409915,Up
20370,9,2,0,3,1,0,6,0,1,0,1703303,1789595,Up
35078,4,4,1,5,0,0,9,1,0,1,2433210,2557744,Up
72624,3,3,1,3,0,1,10,1,0,0,4207217,4336450,Up
27290,4,4,0,2,0,1,8,0,1,0,1904571,2006389,Up
25789,5,5,0,4,1,1,2,1,1,0,1906271,1969700,Up
55629,6,3,1,1,0,1,1,0,1,1,3324725,3432473,Up
15985,3,1,0,4,0,0,2,1,0,1,1122067,1220874,Up
44982,2,4,0,4,1,1,7,1,1,1,2823387,2880527,Up
5248,4,5,0,2,1,0,4,1,1,1,792450,905676,Up
9935,5,1,0,3,1,0,10,1,0,0,1083492,1148393,Up
4209,4,1,1,4,1,0,5,1,0,0,735647,874462,Up
30855,3,1,1,3,0,1,7,0,1,1,2022664,2101189,Up
56271,8,1,1,0,0,0,3,1,1,0,3448907,3519398,Up
58299,4,3,1,5,0,0,10,0,0,1,3558465,3677281,Up
13616,2,3,0,3,1,1,2,0,0,0,1064492,1149472,Up
25970,2,3,0,1,1,0,7,1,0,0,1667678,1813203,Up
42844,1,5,1,5,0,1,5,0,0,0,2646422,2704500,Up
43418,4,5,1,1,1,1,1,1,0,0,2704535,2846189,Up
52724,9,5,0,4,1,1,1,0,1,0,3283861,3423382,Up
39798,7,2,1,5,0,0,9,0,0,1,2711703,2810407,Up
62129,7,5,1,3,0,1,5,1,0,1,3900365,3967362,Up
66540,7,3,0,5,1,1,1,1,0,0,3879099,4008909,Up
28516,8,3,1,4,1,1,7,1,0,1,2284591,2335459,Up
24460,1,2,0,2,1,1,9,1,0,0,1623005,1699403,Up
34091,8,2,0,1,0,0,1,0,1,0,2106558,2238136,Up
68141,4,5,1,4,0,1,10,1,0,0,4030054,4177410,Up
36895,4,4,0,2,0,0,4,0,1,0,2259928,2331174,Up
23200,4,2,1,5,0,1,3,0,0,1,1757474,1828035,Up
35120,6,1,0,5,0,0,5,0,1,0,2268537,2334791,Up
21059,7,3,1,4,1,1,7,0,1,1,1816503,1901015,Up
62142,6,1,1,3,1,0,8,0,0,0,3686363,3825895,Up
22232,1,3,1,5,1,1,2,0,0,0,1469746,1613900,Up
30854,8,3,0,3,0,0,7,1,0,1,2138675,2266070,Up
14343,7,2,0,3,0,0,1,0,0,0,1144116,1251981,Up
72226,6,2,1,3,0,0,7,0,0,0,4179929,4253509,Up
18140,6,1,0,0,1,1,8,0,1,1,1386968,1507927,Up
53028,5,3,1,2,0,0,2,1,0,1,3138835,3260979,Up
38913,6,1,1,2,0,0,9,1,0,1,2522197,2614682,Up
53138,9,4,0,5,1,0,1,0,1,0,3379533,3480154,Up
53236,9,1,1,5,0,0,6,1,0,0,3409548,3510213,Up
69366,8,5,0,3,1,1,1,0,1,1,4123619,4244031,Up
19587,9,1,1,0,0,0,3,1,0,1,1620949,1721552,Up
41930,8,5,0,3,0,0,6,0,1,0,2784229,2855267,Up
25004,8,5,1,0,1,0,3,1,0,0,1933960,2077502,Up
7614,1,5,1,3,1,1,8,1,1,1,984308,1130654,Up
11475,5,4,0,1,1,0,5,1,1,1,1212790,1277115,Up
11523,4,1,1,1,1,0,2,0,0,1,1041015,1126907,Up
21947,2,1,1,4,1,0,4,0,0,1,1545699,1597452,Up
24459,8,4,0,3,1,0,9,0,0,0,1847316,1992383,Up
66703,3,3,1,5,0,1,4,1,1,0,3908086,3976082,Up
30203,4,2,0,2,0,0,10,1,1,0,1952053,2070864,Up
9837,7,1,1,4,1,0,10,0,1,0,1200370,1324653,Up
46927,9,2,0,5,0,1,8,1,0,1,3075882,3171093,Up
62029,2,4,1,1,1,1,5,0,0,0,3516182,3629002,Up
32421,3,3,1,3,0,1,10,0,1,1,2286853,2337677,Up
33807,4,3,1,4,1,0,1,0,0,0,2217457,2281337,Up
27855,1,3,0,3,0,1,7,0,1,0,1765943,1882560,Up
5335,7,4,0,1,0,0,3,1,0,0,805613,867130,Up
20659,2,5,0,4,0,1,10,1,0,1,1595517,1667200,Up
48105,5,5,0,1,0,0,8,1,1,0,3021718,3088594,Up
38588,1,2,1,0,0,1,3,0,0,1,2237732,2344086,Up
55784,3,5,1,1,1,0,1,1,0,1,3280426,3404228,Up
57543,2,5,0,3,1,1,5,0,0,0,3260726,3387445,Up
36047,1,3,0,2,1,0,2,0,0,1,2045996,2182598,Up
28032,7,3,0,1,0,0,4,0,0,0,1853392,1981805,Up
34849,5,2,1,5,1,0,1,0,1,1,2327991,2387973,Up
45945,1,1,0,2,0,0,9,0,0,0,2513276,2637780,Up
6213,6,2,0,0,0,0,6,0,1,1,747821,824419,Up
56678,5,2,1,4,0,0,8,1,0,1,3507303,3571942,Up
49907,3,4,1,4,1,0,4,1,0,0,3039785,3159995,Up
70840,7,4,0,2,0,0,9,1,1,0,4212891,4332743,Up
51490,9,2,1,4,1,1,2,1,1,0,3411947,3471642,Up
66045,9,2,0,1,1,0,9,0,0,0,3904225,4002807,Up
58641,9,2,1,2,0,0,5,0,0,1,3640738,3721832,Up
24293,2,5,0,3,0,1,6,1,1,1,1742397,1853032,Up
57070,3,4,0,1,1,0,3,1,1,1,3323398,3395585,Up
38392,7,2,0,1,1,1,4,1,1,1,2569094,2620308,Up
1515,5,3,0,1,1,0,6,1,1,0,628167,702107,Up
62313,2,3,1,3,1,1,7,1,0,1,3664714,3759120,Up
28212,3,5,1,0,1,1,1,1,0,0,1903091,2044312,Up
8915,6,5,1,5,1,0,7,1,0,1,1291351,1384832,Up
62792,7,1,1,4,0,1,1,1,0,0,3705428,3771405,Up
24333,9,1,0,2,1,0,5,0,0,0,1809135,1903974,Up
4658,1,1,0,0,1,0,6,0,1,0,514910,622784,Up
63180,7,5,1,2,1,0,2,0,1,0,3847614,3956028,Up
20809,8,5,1,4,1,0,10,0,1,0,1950684,2026222,Up
7470,3,5,1,3,0,1,9,1,0,1,1029363,1135604,Up
72974,4,3,1,1,0,0,10,0,1,0,4203815,4327316,Up
47040,6,5,1,1,1,1,6,1,0,1,3111167,3236300,Up
20884,7,3,0,3,1,1,7,0,0,1,1630349,1740830,Up
18517,4,1,0,0,1,0,10,1,0,0,1426979,1504719,Up
9202,8,1,0,0,0,0,8,1,1,1,982473,1095801,Up
884,5,1,1,2,0,0,10,0,0,1,531954,654059,Up
904,1,2,1,3,0,0,1,0,0,1,517026,416383,Down
41443,4,2,1,0,0,1,8,1,1,0,2769469,2707588,Down
48426,3,4,1,3,0,0,4,1,0,0,3155581,3068585,Down
29689,9,4,0,4,0,1,10,1,1,0,2529050,2446873,Down
13263,8,4,0,1,1,0,8,0,0,0,1472571,1385394,Down
18884,1,2,1,1,0,0,6,0,1,1,1554638,1438512,Down
60600,6,2,0,1,0,0,9,1,0,1,3721552,3615021,Down
10360,9,4,0,3,1,0,4,0,0,1,1388982,1312863,Down
51112,7,4,1,3,0,1,2,1,1,1,3459080,3381165,Down
24074,4,5,1,2,1,1,2,0,0,1,1939451,1886743,Down
24024,1,4,1,1,0,0,5,0,1,1,1828099,1739350,Down
69672,2,5,1,2,1,1,10,0,0,0,4292950,4197961,Down
11416,5,3,1,1,1,1,9,0,1,1,1379151,1307045,Down
5309,5,2,1,2,1,0,3,0,0,1,943592,876461,Down
32701,8,4,0,2,1,0,8,1,0,1,2506958,2410405,Down
53830,6,2,0,4,1,1,4,1,0,0,3508485,3400341,Down
13956,8,2,1,2,0,1,6,0,1,1,1553045,1496492,Down
56897,2,2,0,3,0,1,10,1,1,1,3491735,3423854,Down
39265,3,3,1,2,1,1,6,1,1,0,2689343,2637964,Down
35316,6,1,1,1,1,0,3,0,1,1,2518789,2377998,Down
45606,3,4,1,2,1,0,5,1,1,0,3096557,2977251,Down
54432,6,1,1,0,0,1,3,0,0,0,3287978,3218252,Down
17600,6,1,0,5,1,0,1,1,0,1,1532713,1473625,Down
57591,2,1,1,1,1,1,7,1,0,1,3579846,3495532,Down
22449,7,2,0,0,1,1,4,1,0,0,1816231,1711190,Down
70580,2,5,1,1,1,0,7,1,0,1,4219160,4152810,Down
38244,6,2,1,3,0,1,3,1,1,1,2763368,2613769,Down
46043,1,2,1,5,1,1,5,1,0,0,3078402,2947005,Down
36687,3,1,0,5,1,0,5,1,1,0,2542979,2413470,Down
7739,2,2,1,3,0,0,2,0,0,1,886502,818733,Down
14989,7,1,1,5,1,1,10,0,1,0,1770764,1673515,Down
58517,4,5,1,3,1,1,2,0,1,1,3826759,3693897,Down
62377,8,4,0,0,0,0,4,0,1,1,3834686,3738321,Down
43625,6,1,0,4,0,1,4,1,0,1,2842598,2742413,Down
50422,4,5,0,1,0,1,4,1,0,1,3171973,3119187,Down
32549,5,4,1,3,1,0,6,1,0,0,2451141,2399521,Down
37631,9,3,0,1,1,0,2,0,0,1,2608918,2522615,Down
43444,7,1,1,0,0,0,6,0,1,0,2910245,2840656,Down
74463,9,1,0,4,0,0,7,0,1,1,4509380,4456498,Down
24785,7,3,0,0,0,0,10,1,1,1,2040652,1928404,Down
38126,1,3,1,5,1,0,3,0,1,0,2535851,2436529,Down
43308,8,1,0,1,1,1,8,1,0,1,2977511,2902987,Down
54371,4,3,1,4,0,1,2,0,1,0,3403008,3343263,Down
19698,3,2,1,5,1,0,8,1,0,0,1717758,1651897,Down
20258,7,4,0,4,0,0,5,0,1,1,1840708,1699001,Down
15754,3,4,1,5,1,1,2,1,1,1,1669826,1528091,Down
44738,8,4,1,0,1,1,7,0,1,1,3252024,3147763,Down
1752,6,2,0,3,1,1,2,0,0,1,758160,705323,Down
40264,5,3,0,1,1,0,6,1,0,0,2772556,2648421,Down
37941,4,5,1,2,0,0,10,1,1,1,2837902,2706455,Down
54182,8,3,0,2,1,1,3,0,1,1,3533428,3429048,Down
59994,8,1,1,0,1,0,9,1,1,1,3973820,3837731,Down
65715,1,4,1,1,0,0,3,0,0,1,3823502,3723671,Down
7449,9,3,0,1,1,0,3,1,0,1,1264370,1125021,Down
55893,5,5,0,0,0,1,5,0,0,0,3464912,3376657,Down
74053,4,1,0,1,0,1,7,1,1,1,4305630,4226110,Down
7441,6,2,0,3,1,0,8,0,0,0,1052662,973121,Down
26434,6,2,1,0,1,0,7,0,1,1,2168590,2052818,Down
23886,2,5,1,3,0,0,9,0,0,1,1919932,1842582,Down
62386,8,1,0,1,0,0,5,1,1,1,3900422,3806025,Down
53913,7,4,0,0,0,0,10,0,1,0,3516180,3389095,Down
57300,1,3,1,1,1,1,3,1,0,1,3549932,3436067,Down
42818,5,1,1,0,0,0,6,1,1,0,2874064,2768108,Down
70673,6,2,1,1,0,0,5,1,1,0,4285919,4208466,Down
70890,4,5,1,3,0,0,4,0,1,1,4382624,4270279,Down
52829,2,5,0,3,1,1,2,1,0,0,3197416,3134510,Down
43588,4,3,1,1,0,1,7,1,1,1,2913119,2848131,Down
40311,1,5,1,0,1,0,5,1,0,1,2701103,2623380,Down
55979,7,5,0,2,1,1,4,0,0,0,3563469,3479669,Down
20463,2,1,1,3,0,1,8,1,1,1,1729299,1640192,Down
55623,2,4,1,3,1,1,9,1,0,1,3597696,3520266,Down
73977,9,3,0,5,0,1,9,1,1,0,4647710,4565175,Down
14888,5,1,0,2,1,1,3,1,0,0,1370473,1251997,Down
6069,2,4,0,1,1,1,3,0,1,0,938218,800889,Down
70336,9,1,1,0,0,0,5,0,0,0,4274149,4146351,Down
37086,9,1,1,5,0,1,5,1,1,0,2869871,2767587,Down
12515,1,5,0,1,0,1,10,1,1,0,1271260,1165028,Down
45502,3,4,0,4,1,0,2,1,1,1,3010709,2916289,Down
6754,4,3,1,3,1,0,1,1,1,0,1040551,952841,Down
17644,7,3,0,4,0,0,8,0,0,0,1692610,1570113,Down
24714,4,4,0,3,0,0,3,0,0,1,1871350,1729315,Down
72274,2,5,0,3,1,1,1,0,1,1,4261949,4171451,Down
6590,7,2,1,4,1,1,1,0,0,0,1103235,1021952,Down
12137,6,1,1,4,1,1,2,1,1,0,1430744,1314575,Down
22915,3,5,1,1,0,1,6,1,1,1,1978499,1856141,Down
24571,6,4,1,5,1,0,6,0,0,0,2166067,2053610,Down
58743,6,1,1,5,0,1,3,0,0,0,3619816,3543848,Down
41740,5,3,1,4,1,1,4,1,1,1,3046219,2933711,Down
33934,4,2,0,1,1,0,2,1,0,0,2297770,2184550,Down
70224,1,3,1,5,0,1,2,1,1,1,4188931,4053565,Down
29232,6,4,1,1,0,1,7,1,0,0,2319891,2264153,Down
11814,2,1,0,1,0,1,1,1,0,1,1031460,978362,Down
24454,3,4,1,3,1,1,7,0,0,1,2071496,1926072,Down
57608,8,1,1,5,1,0,1,0,0,1,3738167,3614534,Down
37168,6,5,0,5,1,0,6,1,0,0,2744895,2616223,Down
23561,3,2,0,3,0,0,3,1,1,1,1772452,1684208,Down
40249,7,5,0,4,1,0,8,0,0,0,2896779,2838526,Down
17407,4,5,1,3,0,0,6,1,0,1,1651632,1547299,Down
19277,9,4,0,5,0,1,2,0,1,1,1864215,1763246,Down
52245,5,2,1,5,0,1,8,0,1,1,3504906,3364162,Down
24124,3,1,1,4,1,0,5,0,1,0,1923570,1803147,Down
23821,2,1,1,3,1,0,8,0,0,0,1873158,1778747,Down
10988,2,3,1,0,0,0,8,1,0,1,1223815,1098787,Down
23074,3,1,0,0,1,1,6,1,1,0,1748086,1662665,Down
5740,2,4,0,4,0,0,2,0,1,0,749962,698508,Down
43721,4,5,1,3,0,1,8,1,1,0,3044164,2976642,Down
10978,2,5,0,3,1,1,6,1,1,1,1249394,1160819,Down
56145,9,5,1,1,0,1,6,1,0,0,3743037,3689845,Down
19762,2,2,1,5,0,1,8,1,0,1,1707985,1602717,Down
53296,9,1,1,2,1,0,1,0,0,1,3541379,3410068,Down
4932,6,4,0,4,0,1,2,1,0,1,955300,894898,Down
64791,1,2,1,2,0,1,9,0,0,0,3830089,3701479,Down
59899,4,3,1,2,0,0,8,0,1,1,3760187,3629406,Down
50928,1,4,0,4,0,1,7,1,0,0,3184603,3098076,Down
802,6,4,0,3,0,1,7,0,1,0,866002,763821,Down
555,4,4,0,4,0,1,5,1,1,1,822146,680674,Down
9217,3,5,0,2,0,0,2,1,1,1,1052092,975090,Down
29199,3,4,1,5,1,1,6,0,0,1,2363550,2232331,Down
74186,9,1,0,5,1,1,10,1,1,0,4625988,4563528,Down
68161,6,4,1,5,0,0,3,0,0,0,4165218,4084736,Down
44747,9,5,0,3,0,0,4,0,1,1,3055717,2989270,Down
17248,5,4,0,0,1,1,10,1,0,1,1633060,1534832,Down
5121,2,3,0,4,1,1,2,1,1,0,937890,804625,Down
15534,8,3,0,5,1,0,2,1,0,0,1628551,1528425,Down
5626,5,5,0,4,1,1,8,0,1,1,1185420,1114875,Down
5622,2,1,0,5,1,0,8,1,1,0,925124,820010,Down
18530,4,1,1,3,0,1,10,0,1,0,1715466,1571726,Down
56158,9,2,0,0,1,0,6,0,1,0,3651400,3526050,Down
39138,4,5,0,0,1,1,5,1,0,0,2678800,2570999,Down
67567,4,4,0,5,1,0,8,1,0,0,4169000,4105110,Down
35174,2,5,0,3,0,0,4,1,0,0,2319195,2216713,Down
36354,6,2,1,1,0,0,4,0,1,1,2542543,2429146,Down
46771,2,5,0,4,0,0,5,1,1,0,2970665,2918925,Down
74188,7,5,0,4,0,0,1,0,1,1,4487030,4406909,Down
39018,3,2,0,2,0,1,1,1,1,1,2522857,2461639,Down
10767,3,1,0,3,0,1,2,1,1,0,1055498,933907,Down
1562,5,4,1,2,1,0,8,0,1,1,987007,848766,Down
50948,3,2,0,5,0,1,7,0,0,1,3159511,3074789,Down
6729,2,3,1,2,0,1,10,1,0,1,1088581,989150,Down
57293,9,1,0,0,1,1,9,1,0,0,3760336,3658793,Down
48415,2,3,1,4,0,1,5,1,0,1,3107328,3015328,Down
5132,2,1,1,2,1,1,2,1,0,0,903354,781379,Down
4096,8,4,0,0,1,1,7,1,0,1,1035317,954396,Down
6668,9,4,0,3,0,0,8,0,0,1,1275165,1125900,Down
8061,7,5,1,2,1,1,7,0,0,1,1444331,1305584,Down
74294,3,3,1,5,1,1,7,0,1,1,4510443,4429829,Down
27234,9,1,0,5,1,1,5,0,1,0,2266283,2155094,Down
6871,3,4,1,5,1,0,2,1,1,1,1147197,1079596,Down
26569,5,2,1,4,0,1,6,0,1,1,2153378,2010046,Down
13410,9,4,1,2,1,1,4,0,1,0,1702398,1580855,Down
73979,3,2,0,3,0,1,10,0,1,0,4287438,4216924,Down
23775,7,1,1,2,1,0,2,1,1,0,2043735,1910423,Down
72774,1,4,1,4,1,1,9,0,0,1,4479745,4362133,Down
60504,4,4,1,0,1,0,7,1,0,0,3861288,3720402,Down
63481,4,1,0,4,0,1,6,0,1,0,3789784,3723492,Down
55053,7,4,0,5,0,0,5,1,0,0,3520978,3439468,Down
48947,8,2,1,0,0,0,3,0,0,0,3143596,3065596,Down
35029,1,4,0,5,1,0,10,1,0,0,2437431,2357048,Down
17760,5,3,1,1,1,1,10,0,0,0,1642439,1580654,Down
4312,7,5,0,4,1,0,4,1,0,1,1075268,984358,Down
28524,4,2,0,4,1,0,3,1,1,0,2059432,1970404,Down
59156,4,3,1,3,0,0,8,0,0,1,3672583,3597728,Down
27785,4,1,0,2,1,0,3,1,1,0,1967140,1892859,Down
2105,6,2,0,0,0,1,7,1,1,0,750643,695802,Down
71658,7,5,0,0,1,1,7,0,1,0,4440440,4293236,Down
72803,2,5,1,3,0,1,7,0,0,1,4397342,4287187,Down
27639,5,1,0,3,0,1,7,1,1,0,2025074,1948156,Down
56638,4,1,0,2,1,0,2,0,1,0,3368044,3261731,Down
14418,3,2,1,5,1,1,10,0,1,0,1526906,1459463,Down
27946,7,4,0,2,0,0,3,0,1,0,2067911,1985661,Down
13546,6,1,0,4,1,1,10,1,0,1,1465557,1413635,Down
25318,7,4,0,5,1,1,9,1,1,1,2287345,2205369,Down
4824,5,3,0,1,0,1,3,1,1,1,864007,802016,Down
9611,6,5,0,2,0,0,2,1,1,1,1209913,1106169,Down
38610,5,4,1,3,0,1,9,1,1,1,2890712,2817979,Down
16889,7,5,1,5,0,1,10,1,0,0,1823742,1771269,Down
41927,2,4,0,2,1,1,9,1,1,0,2746199,2688091,Down
29246,5,3,0,0,0,0,4,0,1,0,1984813,1906098,Down
617,6,1,0,1,0,1,9,1,1,1,743203,660993,Down
13734,6,3,1,4,0,1,3,1,1,0,1533712,1446395,Down
53941,5,1,1,0,1,0,7,0,1,1,3440313,3324797,Down
1346,7,1,0,0,0,0,7,0,1,0,749849,666487,Down
11454,8,5,0,1,1,1,8,0,0,1,1463486,1358882,Down
47014,7,3,1,4,0,1,10,1,1,0,3270004,3215115,Down
6969,5,4,0,3,0,1,4,0,0,0,1019092,879535,Down
30605,1,3,1,5,1,0,3,1,0,0,2184006,2060258,Down
42601,5,5,1,4,0,0,3,1,1,0,2999659,2917688,Down
64823,2,1,0,2,0,0,5,1,0,1,3700153,3599602,Down
58567,5,5,1,0,1,1,1,0,1,0,3675626,3622425,Down
49876,5,2,0,2,0,0,10,0,0,0,3141802,3001920,Down
46087,2,2,0,3,0,1,3,1,1,0,2856693,2768735,Down
37476,5,4,0,2,0,0,6,1,0,1,2641407,2512156,Down
68084,4,5,0,4,0,0,3,1,0,0,4003051,3947370,Down
43033,1,4,0,2,1,0,5,0,1,0,2674779,2577909,Down
2328,3,4,0,3,0,1,9,1,0,0,825755,693499,Down
2417,1,2,1,3,1,1,2,0,0,0,667702,550499,Down
21118,5,4,1,3,0,1,2,1,0,0,1859843,1781691,Down
32754,4,2,1,4,1,1,6,0,0,1,2442019,2341958,Down
47862,7,1,1,3,0,0,6,1,0,1,3216756,3109137,Down
20628,5,5,0,0,1,1,8,0,1,1,1811440,1703205,Down
59883,4,4,1,3,0,0,2,0,0,0,3681037,3557297,Down
66045,2,2,1,2,1,1,9,0,0,1,4034420,3946530,Down
10365,4,3,1,5,1,1,2,0,1,0,1349376,1209303,Down
2719,2,4,0,2,0,0,1,0,1,0,685192,573791,Down
40309,8,1,1,5,1,0,10,0,1,0,3003060,2941843,Down
5787,3,1,0,2,0,1,2,1,0,0,803916,705565,Down
34887,9,3,1,4,0,1,7,1,0,1,2803456,2719715,Down
9012,4,2,0,2,0,0,8,1,0,1,1027239,956585,Down
1842,6,4,0,4,0,0,5,1,0,1,927237,815923,Down
63576,5,2,1,4,0,0,6,0,1,0,3857599,3806191,Down
19716,1,1,0,3,1,0,1,1,1,1,1428564,1335661,Down
27114,9,2,0,0,0,0,6,0,0,1,2138490,2004282,Down
36758,1,1,1,5,0,1,8,0,0,0,2411046,2359828,Down
42578,8,2,1,3,0,1,3,0,0,1,2953836,2853264,Down
12719,9,3,1,3,0,1,1,1,0,0,1572147,1463349,Down
735,9,5,0,4,0,1,4,0,1,1,1003890,923785,Down
43429,1,3,0,4,0,0,1,1,1,1,2759414,2639780,Down
67944,2,3,0,5,1,0,8,1,0,1,4110186,3995123,Down
9067,1,5,1,2,1,0,5,1,1,0,1098888,1041269,Down
71292,2,5,0,2,0,1,1,1,0,1,4112435,4050496,Down
65941,8,4,0,3,1,0,8,1,0,1,4236094,4167868,Down
74198,5,4,0,1,0,0,9,0,1,1,4417618,4342296,Down
5915,7,3,0,1,0,1,10,0,0,1,1083805,975590,Down
36659,2,3,0,2,0,1,2,1,1,0,2337083,2270205,Down
44425,8,1,0,1,0,1,9,0,0,0,2933970,2877410,Down
6451,6,1,0,2,0,0,8,1,1,1,1090070,1001792,Down
8507,8,4,1,4,1,0,7,0,0,1,1369738,1283526,Down
42332,1,4,1,3,1,1,3,0,1,1,2849964,2705129,Down
59096,1,1,1,0,1,1,2,0,0,0,3464285,3341206,Down
31023,7,1,0,3,1,0,7,0,0,1,2238037,2164091,Down
16024,8,2,0,2,0,1,5,0,1,1,1519609,1437869,Down
19782,3,2,1,2,1,0,6,0,0,0,1642135,1584882,Down
24430,5,1,0,3,0,1,4,0,1,0,1860670,1731359,Down
577,1,2,1,5,1,1,2,0,1,0,662449,579636,Down
21111,7,5,0,2,1,1,9,0,0,1,1980964,1866633,Down
17484,5,4,0,1,1,0,3,0,0,0,1476908,1399276,Down
14560,8,4,1,1,1,0,7,0,0,0,1611688,1513323,Down
43803,8,1,1,2,0,1,8,0,0,1,3122173,3004580,Down
59707,9,3,1,2,1,0,2,0,1,0,3829802,3746371,Down
29787,7,1,1,5,1,1,6,1,0,1,2411593,2324157,Down
40211,1,2,1,1,0,1,8,0,0,1,2574318,2505905,Down
12454,3,3,0,2,0,0,7,0,0,0,1218193,1072432,Down
73840,8,2,0,2,1,0,3,0,1,1,4414196,4325711,Down
72601,3,5,0,5,0,0,1,0,0,0,4246361,4128129,Down
72020,8,2,1,5,0,0,6,0,1,0,4430005,4363904,Down
19074,1,5,1,3,0,1,8,0,0,0,1626564,1567733,Down
9684,5,5,1,5,1,0,6,1,1,1,1545261,1410678,Down
19596,4,2,1,0,0,0,5,1,0,0,1656484,1554587,Down
68228,5,2,1,1,1,1,8,1,0,1,4216500,4161496,Down
34516,8,5,1,3,1,1,2,0,1,1,2804635,2666394,Down
11746,4,3,0,0,1,1,1,0,0,1,1106317,1010393,Down
46058,4,5,0,2,1,1,1,0,0,0,2894327,2822818,Down
18881,3,4,0,2,0,0,4,1,0,1,1558963,1471793,Down
36955,7,5,0,3,1,0,6,0,1,1,2743941,2650386,Down
4518,3,3,0,5,0,1,9,0,0,0,874368,809706,Down
11802,3,4,1,2,1,1,1,1,1,0,1315424,1199494,Down
68006,5,1,1,4,0,0,1,1,1,1,4165213,4067810,Down
41657,5,1,1,3,1,0,5,0,1,1,2887923,2801558,Down
55417,6,3,1,0,0,0,10,0,0,0,3610857,3498669,Down
25019,8,5,1,3,1,0,5,0,1,1,2255290,2129230,Down
57319,6,2,1,1,1,0,5,0,1,1,3705886,3557253,Down
71824,1,3,0,5,0,1,10,1,0,1,4220326,4143653,Down
5908,8,4,1,5,1,1,6,0,1,1,1389566,1276095,Down
59879,8,4,1,3,1,1,8,0,1,0,4014555,3947399,Down
25553,9,1,1,2,1,1,3,1,0,1,2180702,2073415,Down
9946,9,4,1,2,0,0,9,0,0,0,1356285,1304640,Down
1422,2,3,0,4,1,1,1,0,1,1,726891,617815,Down
51856,2,4,0,4,1,0,4,1,0,0,3310794,3166209,Down
11289,3,3,1,5,0,0,9,1,0,1,1387858,1262507,Down
67156,1,2,0,4,0,0,8,0,0,0,3808548,3708397,Down
44528,4,1,0,0,0,0,10,1,1,1,2891772,2774388,Down
64984,4,4,1,4,0,0,9,1,1,0,4213720,4063855,Down
32654,9,3,1,0,0,0,1,0,0,1,2371266,2287725,Down
2836,9,5,1,4,1,0,9,1,1,1,1296792,1173945,Down
68279,9,1,1,5,1,1,3,0,0,0,4371846,4234747,Down
19529,7,2,1,5,1,0,10,0,0,0,1938912,1808173,Down
59701,2,3,0,0,0,1,9,0,0,0,3544235,3443280,Down
32765,5,2,1,3,1,1,1,0,0,0,2267370,2208080,Down
44372,4,2,1,5,0,0,1,1,0,0,2876472,2767530,Down
46697,8,4,1,3,0,0,9,0,1,1,3336269,3203602,Down
55680,2,4,0,2,1,1,6,0,1,0,3435168,3355025,Down
24210,6,3,1,0,0,1,4,0,1,0,1988237,1913728,Down
29986,5,5,1,5,0,1,7,0,1,1,2513384,2375604,Down
72407,2,3,1,1,1,1,5,1,0,0,4304131,4217390,Down
72395,1,5,0,2,0,0,10,1,0,0,4234344,4157446,Down
64935,8,2,1,3,0,0,7,1,1,0,4231317,4081398,Down
41131,2,1,1,5,1,0,8,0,1,1,2837254,2701580,Down
20603,7,3,1,0,0,1,8,1,0,0,1909913,1796965,Down
65272,9,3,0,4,0,0,1,1,0,1,4121037,4009269,Down
14882,9,5,1,1,1,1,8,0,0,1,1778052,1684790,Down
4256,8,2,1,3,1,0,6,1,1,0,1161712,1106206,Down
21109,9,2,1,2,1,1,4,0,0,1,1991087,1920482,Down
16978,2,5,0,0,1,0,8,1,0,0,1525413,1396823,Down
40166,6,2,1,1,0,0,3,1,1,0,2713103,2634872,Down
71815,4,4,1,0,0,1,4,1,1,0,4369177,4239780,Down
14653,4,1,1,5,1,1,6,1,1,0,1612677,1485554,Down
13499,5,3,0,4,0,1,7,0,0,0,1322668,1259153,Down
55818,3,1,0,2,0,1,4,0,0,1,3360199,3222988,Down
1314,1,3,1,0,1,1,4,1,1,1,679930,591308,Down
2943,8,4,0,3,1,0,7,0,0,1,989417,922817,Down
73819,5,2,0,5,0,1,6,1,0,1,4419389,4341497,Down
17868,3,5,0,5,1,0,8,1,0,0,1679164,1545885,Down
15828,7,4,1,2,1,0,1,1,1,0,1650572,1531262,Down
57442,7,1,1,5,1,0,10,1,1,1,3879849,3808048,Down
27806,1,5,0,3,0,0,7,1,0,0,2009885,1922190,Down
40415,9,2,0,0,1,0,7,1,0,1,2861483,2782630,Down
37719,2,4,0,2,0,1,7,0,0,1,2447939,2393510,Down
65144,5,5,1,5,0,1,7,0,0,1,4155335,4100729,Down
60779,5,4,1,5,0,0,10,1,1,1,4007646,3953168,Down
53528,8,4,0,3,1,0,10,0,1,0,3623631,3489815,Down
626,8,2,0,4,1,1,8,1,0,0,935957,845823,Down
52829,7,3,0,4,1,1,9,0,0,1,3520736,3400773,Down
28132,7,5,0,5,1,0,9,0,1,1,2405711,2284814,Down
65810,6,2,1,0,1,1,2,0,0,1,3968972,3893497,Down
55676,6,4,0,2,0,1,7,1,1,1,3641980,3525803,Down
44827,9,2,1,5,0,1,7,0,0,1,3146759,3075029,Down
69404,6,3,0,1,0,0,4,1,1,0,4171338,4100225,Down
4297,2,5,0,2,1,1,9,1,0,1,925169,855158,Down
48382,2,3,0,4,0,0,8,1,0,1,3084870,2979124,Down
14218,5,1,0,5,0,0,1,0,1,0,1273595,1180742,Down
35060,4,5,0,3,1,0,2,0,1,0,2488603,2353408,Down
22616,2,3,1,1,1,0,2,0,0,0,1707150,1620332,Down
36744,3,4,0,5,0,0,8,1,0,0,2528459,2441138,Down
2145,7,5,0,0,0,1,1,1,1,0,784254,712945,Down
48023,8,5,0,1,1,0,4,0,1,0,3250578,3181890,Down
19756,6,2,1,5,1,0,10,1,0,0,1914475,1836299,Down
53673,5,4,1,0,1,0,5,0,0,0,3420911,3302032,Down
37930,1,1,1,1,1,1,9,0,1,0,2518327,2400735,Down
39782,8,3,1,0,0,1,7,0,1,1,2941051,2806323,Down
63874,3,2,0,0,0,1,8,0,1,0,3750078,3611066,Down
68744,6,3,0,1,1,1,9,1,1,1,4239083,4179667,Down
12194,3,1,0,1,0,1,7,0,1,1,1174010,1084016,Down
56764,7,1,1,0,0,1,5,0,0,1,3551386,3434964,Down
58045,7,5,0,4,1,1,5,0,0,1,3791730,3733146,Down
39724,9,1,0,1,0,0,10,0,1,1,2861338,2718036,Down
13724,5,3,1,5,0,0,6,0,0,1,1441953,1373123,Down
41238,8,4,1,2,0,1,5,0,0,1,3053436,2917611,Down
25650,8,4,1,3,1,0,9,0,1,1,2320858,2193792,Down
64231,1,5,0,0,1,0,3,1,0,0,3641755,3588164,Down
50188,5,3,0,0,0,1,3,1,0,1,3154217,3010339,Down
74009,3,3,1,3,1,0,7,1,0,1,4430645,4359250,Down
9077,1,1,0,4,1,0,7,1,1,1,1069472,965290,Down
8570,4,3,1,3,1,1,6,0,1,1,1208484,1141746,Down
9166,8,2,1,1,0,0,3,1,0,0,1198736,1146105,Down
58261,3,1,0,3,0,1,7,1,0,1,3490603,3422698,Down
36868,2,2,1,0,1,1,5,1,0,0,2454307,2385251,Down
7283,9,5,1,3,0,0,7,0,0,0,1359920,1220838,Down
42414,5,4,1,2,0,0,2,1,0,1,2904645,2819198,Down
71007,7,5,0,5,0,0,6,1,0,1,4419532,4315114,Down
68026,2,4,1,1,0,1,8,0,1,0,4075960,3988770,Down
71335,9,5,1,3,0,1,1,1,0,1,4511265,4435251,Down
46265,9,3,1,0,1,1,4,0,0,1,3258456,3135457,Down
20456,4,2,1,5,0,0,1,1,1,0,1745235,1644957,Down
46740,4,4,1,1,0,0,1,0,0,0,2856996,2805216,Down
37648,6,1,1,0,0,1,10,1,0,1,2711115,2569472,Down
5257,6,2,1,4,1,0,8,1,0,1,1230886,1121628,Down
19597,1,1,0,2,1,0,7,1,0,1,1544105,1396982,Down
10895,9,2,0,4,1,1,10,0,1,0,1469803,1377611,Down
16741,2,2,1,2,0,1,1,1,0,1,1450536,1341236,Down
28196,5,5,0,3,1,0,2,0,1,0,2130264,1989760,Down
70980,9,4,0,1,1,1,4,0,0,0,4406910,4257781,Down
46663,4,4,1,3,1,0,1,0,0,1,3038199,2944276,Down
20316,3,2,0,2,1,1,3,0,1,0,1607574,1468378,Down
50340,7,3,1,2,0,1,8,1,0,1,3362278,3309883,Down
53353,6,3,1,2,1,1,8,1,1,1,3664816,3517432,Down
25417,8,1,1,5,1,0,8,1,1,0,2238016,2172237,Down
22066,3,1,1,0,0,0,6,0,1,1,1691307,1570279,Down
63323,5,5,1,1,0,1,6,1,0,0,3959618,3879896,Down
21306,4,2,0,3,1,1,5,0,0,0,1673677,1616566,Down
2259,4,1,1,3,0,1,9,0,0,1,762990,703006,Down
42449,4,1,0,4,1,0,4,0,0,1,2756459,2608907,Down
2982,8,2,1,2,0,1,10,1,1,1,1144519,1001343,Down
24942,6,5,1,2,0,1,7,1,0,1,2204459,2082131,Down
34219,3,1,1,2,1,1,1,0,0,0,2224575,2147651,Down
58566,5,5,0,3,0,1,9,1,1,0,3787384,3684681,Down
2579,6,4,1,4,1,0,7,1,1,0,1081965,999388,Down
3217,5,5,1,0,0,0,10,0,0,1,967400,909689,Down
60176,6,3,1,5,1,1,9,0,1,0,4054984,3919436,Down
28452,8,3,1,1,0,0,7,1,1,0,2398952,2249083,Down
42960,7,5,0,0,0,0,2,0,1,1,2792601,2738505,Down
73347,5,3,1,3,0,0,6,0,1,1,4440458,4323903,Down
18949,6,4,0,5,0,1,10,1,1,1,1910823,1770975,Down
34036,4,2,1,5,0,0,4,1,0,0,2477214,2352202,Down
64577,9,3,0,5,1,0,3,0,0,1,4103112,4044858,Down
38758,4,3,0,2,0,0,2,1,0,0,2540203,2392248,Down
48802,1,5,1,1,1,1,6,0,0,0,3168407,3041287,Down
29365,7,4,1,3,1,1,8,0,0,0,2341488,2285523,Down
7145,7,2,0,3,1,0,6,1,0,0,1178486,1051486,Down
38500,4,5,1,5,0,0,9,0,0,0,2823544,2695569,Down
27237,3,5,1,3,1,1,5,0,1,1,2168372,2060385,Down
11985,8,4,1,1,0,1,2,0,0,0,1370890,1287927,Down
39065,5,2,0,1,1,0,8,1,0,1,2745250,2601274,Down
26022,7,4,1,4,1,0,9,1,0,0,2210281,2157008,Down
65655,4,2,1,4,1,1,10,1,1,0,4173233,4107903,Down
55668,4,4,1,0,1,1,4,0,0,1,3545861,3474367,Down
52987,8,5,0,1,1,0,6,0,0,0,3544761,3418339,Down
12842,8,5,1,1,0,1,10,1,1,0,1625391,1572179,Down
41306,2,1,0,1,1,0,8,1,0,1,2695297,2561856,Down
49270,2,3,1,4,1,0,9,1,0,1,3300417,3162823,Down
53103,3,4,0,5,0,0,5,0,1,0,3251550,3200470,Down
26899,3,1,1,5,0,1,6,1,0,0,2079723,1997048,Down
55606,1,3,1,3,0,0,4,0,1,0,3377216,3305209,Down
31178,3,4,0,5,1,0,5,1,0,1,2317646,2185005,Down
63730,6,2,0,2,1,1,7,0,0,0,3937479,3791664,Down
74555,8,3,0,4,1,1,9,0,0,1,4606450,4509635,Down
56873,6,5,1,1,1,0,10,1,1,1,3894951,3761469,Down
31980,5,1,1,5,1,0,6,0,1,0,2305688,2255049,Down
69336,4,3,1,4,1,1,6,1,1,1,4383674,4270081,Down
72758,3,3,1,5,0,1,8,0,0,0,4419209,4291171,Down
40486,4,5,0,0,0,1,4,0,0,0,2684896,2540997,Down
24660,7,4,1,1,1,0,3,1,1,1,2118087,2064351,Down
65429,1,2,1,0,1,0,7,0,1,1,3839457,3772984,Down
74006,7,5,1,1,1,0,5,1,0,1,4667353,4583334,Down
35411,1,2,1,4,1,1,2,1,0,1,2470270,2333647,Down
32321,2,4,1,3,1,0,2,1,0,1,2368888,2224863,Down
61035,4,3,1,5,0,1,6,0,0,1,3808607,3721787,Down
12675,1,2,1,5,0,0,8,0,1,0,1309618,1174757,Down
55271,9,1,0,2,1,1,1,0,0,0,3525617,3418028,Down
66858,6,1,1,0,0,0,6,1,0,0,4035985,3920178,Down
17827,1,5,1,5,1,0,2,1,0,1,1553036,1484622,Down
47557,1,4,1,4,1,1,2,0,0,1,3034253,2960033,Down
6650,6,5,1,3,1,1,7,0,0,1,1352204,1241673,Down
4925,4,5,0,4,0,0,10,1,0,0,1006969,914544,Down
16532,4,5,0,0,0,1,1,0,0,0,1364264,1304877,Down
2698,6,1,0,2,1,1,6,1,1,1,954224,827409,Down
61000,7,1,0,5,0,0,7,0,1,1,3757278,3679694,Down
53894,9,5,0,4,0,1,8,1,1,1,3775325,3680542,Down
20579,5,1,0,1,1,0,7,0,0,1,1656909,1567100,Down
36720,9,4,1,3,0,0,6,0,1,0,2822797,2718470,Down
42374,4,5,0,4,0,1,9,1,0,0,2846113,2785256,Down
14359,2,1,0,3,1,1,3,1,0,0,1259682,1167421,Down
50960,3,2,1,5,1,0,6,1,0,1,3356443,3232855,Down
31919,1,5,0,1,0,0,4,0,0,0,2032031,1965036,Down
9205,6,5,1,2,1,0,2,1,1,1,1302737,1239157,Down
43380,6,4,1,2,0,0,1,1,0,1,2938935,2870695,Down
23736,1,3,0,1,1,0,1,0,0,1,1658733,1525287,Down
15858,3,3,1,3,1,0,10,1,1,0,1642810,1517058,Down
15096,5,4,0,5,1,1,3,1,1,0,1541204,1445093,Down
34072,3,4,0,4,1,1,4,1,1,1,2499808,2359361,Down
1779,3,4,1,1,0,1,2,0,0,0,743284,658418,Down
63697,3,3,1,0,1,0,1,0,1,1,3834211,3703237,Down
63016,5,4,0,3,1,1,4,0,0,1,3909951,3786550,Down
7583,5,1,1,2,1,0,7,1,0,1,1219845,1087752,Down
18271,4,5,1,1,0,0,10,0,1,0,1662017,1599806,Down
30475,1,5,0,2,0,1,6,1,1,0,2113329,2004344,Down
46148,5,2,0,3,1,0,6,1,1,1,3003128,2919860,Down
48785,5,2,1,2,1,0,9,1,0,0,3240252,3186606,Down
19563,4,5,0,1,1,0,2,0,0,0,1598219,1492848,Down
68142,6,1,0,3,1,0,4,0,0,0,4006107,3913291,Down
38099,4,3,0,0,1,0,5,1,0,0,2594041,2454581,Down
52420,7,3,0,1,1,0,1,1,0,1,3295641,3201529,Down
29029,7,1,0,4,0,1,8,0,0,0,2174673,2073625,Down
36454,2,3,0,5,1,0,8,0,1,1,2495286,2390375,Down
28356,3,4,0,1,1,0,6,0,0,1,2061404,1935958,Down
3073,1,5,1,3,1,0,5,1,1,0,852226,800448,Down
35867,8,5,0,5,1,0,8,0,1,1,2810012,2714260,Down
61274,9,1,1,1,1,1,3,0,1,1,3969653,3834676,Down
24252,4,3,1,0,1,1,3,0,1,0,1956442,1835716,Down
55529,6,2,1,0,0,0,2,1,1,1,3565968,3435128,Down
18185,9,2,0,4,0,0,5,0,0,1,1699360,1622071,Down
52193,6,3,0,2,0,0,3,1,0,0,3221642,3126854,Down
56461,9,2,1,5,0,1,3,1,0,0,3718462,3663715,Down
56633,4,1,0,3,0,1,6,1,0,0,3423866,3299044,Down
61768,8,1,1,3,0,1,8,0,1,0,3948259,3898214,Down
38743,9,3,0,2,1,1,2,0,1,0,2801021,2655743,Down
57884,4,2,0,0,1,0,4,0,1,1,3433922,3376164,Down
32153,5,1,1,0,1,1,7,1,0,1,2388275,2314838,Down
27157,8,1,1,1,1,1,1,0,0,0,2141711,2072126,Down
40452,6,4,1,4,1,0,1,1,0,0,2919724,2770965,Down
22680,7,4,0,5,1,0,10,0,0,1,1969297,1909443,Down
2122,3,1,1,4,0,1,7,0,1,0,847615,745539,Down
49256,7,3,0,4,1,1,7,0,1,0,3388808,3281858,Down
41309,8,5,0,1,0,1,1,0,0,1,2770979,2703630,Down
17225,6,5,0,4,0,1,1,1,0,1,1686269,1540041,Down
61896,9,1,1,2,1,0,4,1,1,1,4042803,3971455,Down
51726,6,1,1,1,1,0,5,1,1,0,3386495,3302199,Down
29902,9,1,1,2,1,1,5,1,1,1,2443220,2373765,Down
4763,4,3,0,1,1,1,4,0,1,0,959051,830227,Down
47328,8,4,0,4,1,1,8,1,0,1,3308886,3204865,Down
48424,4,1,1,2,1,1,7,1,1,0,3251370,3129447,Down
74682,2,1,0,2,1,1,9,1,1,0,4364952,4275659,Down
59552,9,2,0,2,0,0,7,0,1,0,3802228,3652798,Down
12164,5,3,1,1,1,0,10,1,1,1,1561492,1422940,Down
36237,4,1,1,3,1,0,1,1,0,1,2460454,2364338,Down
29873,2,2,1,4,0,1,7,0,0,1,2152649,2062165,Down
36897,1,5,0,2,1,1,1,0,0,0,2389209,2308994,Down
39209,7,1,0,5,1,0,7,1,0,1,2799986,2668348,Down
61620,6,1,0,3,0,0,10,1,0,1,3731323,3677919,Down
19750,2,2,0,5,1,1,8,0,0,0,1614830,1527570,Down
21672,8,3,0,4,1,0,9,1,1,0,2061855,1946213,Down
12055,4,1,1,4,1,1,3,0,1,1,1435188,1304457,Down
53776,8,5,0,2,1,1,4,1,1,1,3670944,3574935,Down
57992,7,1,0,2,1,0,4,1,1,1,3734790,3592101,Down
53502,5,5,0,1,1,0,9,1,0,0,3446708,3367103,Down
72855,8,4,1,3,0,0,7,1,1,1,4649433,4546228,Down
25262,9,4,1,3,1,1,3,1,0,0,2220103,2132534,Down
11546,5,5,1,2,1,1,10,0,1,0,1484126,1428546,Down
29269,5,3,0,4,0,0,5,0,1,1,2110499,2055099,Down
53802,2,1,1,2,0,1,7,1,1,1,3373773,3284130,Down
23650,5,1,1,4,1,1,8,1,0,0,2081746,1935561,Down
68747,3,4,1,4,0,1,1,1,1,0,4175381,4029349,Down
5353,7,5,0,2,1,0,2,0,0,1,1043672,907499,Down
22292,5,1,1,0,1,1,7,0,0,1,1870054,1781039,Down
59629,8,1,0,3,0,0,2,0,1,1,3705963,3584250,Down
74978,1,3,0,5,1,0,7,0,0,0,4312150,4189345,Down
67798,3,2,1,4,1,1,9,0,0,0,4097914,4032940,Down
32487,3,4,0,4,0,0,2,0,1,1,2212702,2148665,Down
16350,9,4,1,0,0,1,7,0,1,0,1752038,1617746,Down
12612,5,2,0,5,0,0,4,0,1,0,1232920,1166753,Down
24558,9,1,1,1,0,0,2,1,1,1,2061866,1923112,Down
45920,9,3,1,0,1,1,7,0,1,0,3260042,3119339,Down
39390,1,3,1,5,0,0,5,0,1,1,2666326,2573178,Down
66517,2,4,0,0,0,0,1,0,0,1,3794241,3672088,Down
47804,5,3,1,4,0,0,5,0,1,0,3111128,3039594,Down
33421,4,2,0,3,0,1,3,1,1,0,2345916,2204921,Down
2024,9,1,1,0,0,1,7,0,0,1,1015000,878922,Down
15548,7,2,0,1,1,0,6,1,1,0,1543886,1437007,Down
35611,6,5,0,2,0,0,8,1,0,1,2613444,2497605,Down
38404,7,4,1,5,1,0,5,1,1,0,2854351,2774595,Down
55412,1,3,1,0,0,1,2,0,1,0,3223573,3160890,Down
34508,1,5,1,0,0,1,9,0,0,0,2417572,2318087,Down
560,8,3,1,1,0,0,8,0,1,1,1001309,853078,Down
55837,2,1,1,3,0,1,6,1,0,0,3336566,3275541,Down
13850,9,1,0,0,0,1,10,1,1,1,1556396,1419970,Down
24854,7,1,1,0,0,1,7,1,1,1,2010256,1941541,Down
45686,6,3,1,3,0,1,9,1,0,1,3237594,3117497,Down
28645,1,5,0,1,0,0,7,0,1,0,2036406,1888023,Down
34520,1,1,1,5,1,1,3,0,1,1,2391719,2248776,Down
21081,2,5,1,5,0,1,6,0,0,1,1887762,1750646,Down
23551,6,3,0,0,1,0,7,1,1,0,1940839,1815134,Down
51974,6,5,1,3,0,0,2,1,0,1,3365116,3298000,Down
70126,2,3,1,0,1,1,3,0,1,1,4101382,4014638,Down
7460,1,3,1,2,0,1,4,0,0,0,983180,845601,Down
36272,5,4,0,5,0,0,10,1,1,1,2591211,2539087,Down
22020,5,3,1,4,0,0,6,0,0,0,1835333,1747282,Down
49981,2,3,0,2,1,0,1,0,0,1,3001291,2944115,Down
36908,6,2,1,0,1,1,9,1,1,1,2847508,2706198,Down
57634,9,1,0,1,1,1,5,1,1,0,3763334,3648516,Down
20991,2,4,1,5,1,0,7,1,0,1,1817030,1748354,Down
1841,2,4,0,4,0,1,9,0,1,1,752142,656965,Down
45123,3,4,0,2,0,0,9,1,0,1,2937604,2797308,Down
838,7,2,0,5,0,1,1,0,1,0,737054,686057,Down
71931,6,3,0,3,1,0,1,0,1,0,4256427,4147097,Down
12754,8,1,0,1,0,0,3,1,0,0,1325182,1231413,Down
52360,8,5,0,2,1,1,6,0,0,0,3479112,3350459,Down
11844,6,3,1,3,1,1,2,1,1,0,1407199,1345968,Down
2250,3,2,1,0,1,1,10,1,1,1,980933,835646,Down
55256,3,3,0,3,1,1,1,0,1,0,3386646,3263670,Down
68457,1,3,0,2,1,1,1,0,1,0,3958757,3823310,Down
58553,7,2,0,2,0,1,5,1,1,0,3726585,3620620,Down
71355,5,4,0,0,1,0,4,1,0,1,4304711,4173567,Down
16396,4,4,1,3,1,1,1,1,1,1,1688248,1543047,Down
56261,4,1,0,3,0,0,4,1,1,0,3374986,3263469,Down
63052,4,1,1,0,1,0,3,1,0,1,3830870,3688177,Down
28435,6,4,1,3,1,1,2,1,0,1,2313986,2169671,Down
38141,8,5,0,5,0,0,9,0,0,1,2837230,2691726,Down
30211,8,3,0,0,0,0,1,0,1,1,2208898,2131511,Down
70842,5,5,1,1,0,1,7,0,0,0,4300874,4246784,Down
12682,6,3,1,2,1,1,4,0,0,0,1382508,1307563,Down
56776,4,4,0,1,0,1,5,1,0,1,3474513,3384274,Down
20041,9,1,0,5,0,0,10,0,0,1,1811728,1757985,Down
45313,8,1,0,5,0,1,5,0,1,1,3078579,2997655,Down
37698,1,5,1,4,1,1,1,1,1,1,2618692,2558496,Down
9320,2,1,1,4,0,1,6,0,1,0,1175643,1033828,Down
24570,9,4,0,4,1,1,9,1,0,1,2328305,2209445,Down
70268,8,5,1,0,1,0,2,1,0,0,4433862,4342462,Down
11622,3,3,1,3,0,1,7,1,0,1,1391429,1256252,Down
74043,8,1,0,5,1,0,6,1,0,0,4614169,4471151,Down
42286,1,2,0,1,1,1,5,1,0,1,2749321,2600791,Down
7237,4,1,1,1,0,0,4,0,0,0,1004570,874171,Down
36562,3,3,1,1,1,0,4,0,1,0,2538464,2439669,Down
54737,6,5,0,1,0,0,6,0,1,0,3495870,3394317,Down
52071,7,3,0,4,1,1,4,1,0,1,3435237,3361126,Down
26010,4,2,0,1,1,0,5,0,1,0,1930210,1817127,Down
19926,7,4,0,3,0,1,6,0,0,1,1788672,1677072,Down
37765,9,1,0,4,0,1,5,0,0,0,2629635,2529613,Down
18350,2,5,1,1,1,1,7,0,1,0,1619189,1565990,Down
66650,3,4,1,0,1,1,9,1,0,1,4162401,4061504,Down
52875,5,3,1,2,0,1,10,0,1,0,3480594,3392556,Down
35935,3,5,1,2,1,0,7,1,0,1,2582048,2477010,Down
57632,8,4,0,2,1,1,7,1,0,1,3795489,3737592,Down
3483,8,5,0,4,1,0,4,0,1,1,1081011,966470,Down
21162,8,2,0,1,1,0,1,1,0,1,1781963,1717071,Down
24010,9,2,1,5,0,0,8,1,0,0,2130916,2072645,Down
41498,4,1,1,5,0,0,4,1,0,0,2753403,2678588,Down
57346,5,1,1,5,0,0,1,1,1,1,3606493,3510881,Down
7140,5,2,0,4,0,0,5,1,0,0,1037918,954561,Down
45047,8,5,1,3,0,0,8,1,0,0,3311083,3185995,Down
55120,7,2,0,0,0,1,4,1,0,1,3388021,3321754,Down
15817,9,1,0,0,1,0,8,0,1,0,1573955,1505687,Down
8064,8,2,0,2,0,1,8,0,1,1,1154670,1090407,Down
27845,2,2,0,2,1,0,3,1,1,0,1941105,1820170,Down
74538,4,5,0,5,1,0,9,1,1,0,4679986,4534639,Down
52893,6,4,0,5,1,0,3,0,1,1,3506391,3396731,Down
66581,2,1,1,2,0,0,1,0,0,0,3783593,3668066,Down
29930,7,5,0,1,1,1,2,0,1,0,2351513,2238134,Down
28288,3,2,0,3,0,1,6,0,1,1,2089464,1944922,Down
49043,3,2,1,3,1,1,10,1,0,0,3277513,3186242,Down
14419,2,4,0,3,1,0,2,1,1,1,1381630,1265018,Down
69846,8,1,1,3,0,0,6,0,0,0,4219637,4162402,Down
